file_name,label
0.jpg,sunglasses
1.jpg,convertible_car
2.jpg,airliner
3.jpg,golden_retriever
4.jpg,african_elephant
5.jpg,african_elephant
6.jpg,rugby
7.jpg,sunglasses
8.jpg,golden_retriever
9.jpg,african_elephant
10.jpg,african_elephant
11.jpg,sunglasses
12.jpg,african_elephant
13.jpg,african_elephant
14.jpg,convertible_car
15.jpg,sunglasses
16.jpg,sunglasses
17.jpg,rugby
18.jpg,tiger_cat
19.jpg,african_elephant
20.jpg,sunglasses
21.jpg,parachute
22.jpg,golden_retriever
23.jpg,african_elephant
24.jpg,african_elephant
25.jpg,tiger_cat
26.jpg,african_elephant
27.jpg,airliner
28.jpg,african_elephant
29.jpg,african_elephant
30.jpg,banana
31.jpg,sunglasses
32.jpg,banana
33.jpg,convertible_car
34.jpg,african_elephant
35.jpg,sunglasses
36.jpg,african_elephant
37.jpg,african_elephant
38.jpg,rugby
39.jpg,goldfish
40.jpg,sunglasses
41.jpg,african_elephant
42.jpg,golden_retriever
43.jpg,rugby
44.jpg,rugby
45.jpg,convertible_car
46.jpg,sunglasses
47.jpg,banana
48.jpg,banana
49.jpg,african_elephant
50.jpg,sunglasses
51.jpg,goldfish
52.jpg,sunglasses
53.jpg,tiger_cat
54.jpg,banana
55.jpg,tiger_cat
56.jpg,rugby
57.jpg,banana
58.jpg,parachute
59.jpg,goldfish
60.jpg,african_elephant
61.jpg,golden_retriever
62.jpg,convertible_car
63.jpg,airliner
64.jpg,airliner
65.jpg,tiger_cat
66.jpg,tiger_cat
67.jpg,african_elephant
68.jpg,sunglasses
69.jpg,african_elephant
70.jpg,sunglasses
71.jpg,african_elephant
72.jpg,airliner
73.jpg,rugby
74.jpg,african_elephant
75.jpg,parachute
76.jpg,sunglasses
77.jpg,african_elephant
78.jpg,convertible_car
79.jpg,rugby
80.jpg,rugby
81.jpg,rugby
82.jpg,airliner
83.jpg,banana
84.jpg,parachute
85.jpg,sunglasses
86.jpg,banana
87.jpg,parachute
88.jpg,tiger_cat
89.jpg,sunglasses
90.jpg,golden_retriever
91.jpg,tiger_cat
92.jpg,golden_retriever
93.jpg,airliner
94.jpg,convertible_car
95.jpg,rugby
96.jpg,rugby
97.jpg,goldfish
98.jpg,african_elephant
99.jpg,golden_retriever
100.jpg,convertible_car
101.jpg,banana
102.jpg,african_elephant
103.jpg,rugby
104.jpg,tiger_cat
105.jpg,parachute
106.jpg,parachute
107.jpg,goldfish
108.jpg,african_elephant
109.jpg,airliner
110.jpg,tiger_cat
111.jpg,banana
112.jpg,goldfish
113.jpg,parachute
114.jpg,convertible_car
115.jpg,airliner
116.jpg,tiger_cat
117.jpg,tiger_cat
118.jpg,banana
119.jpg,tiger_cat
120.jpg,rugby
121.jpg,african_elephant
122.jpg,convertible_car
123.jpg,sunglasses
124.jpg,african_elephant
125.jpg,parachute
126.jpg,golden_retriever
127.jpg,convertible_car
128.jpg,convertible_car
129.jpg,banana
130.jpg,banana
131.jpg,goldfish
132.jpg,banana
133.jpg,african_elephant
134.jpg,sunglasses
135.jpg,rugby
136.jpg,rugby
137.jpg,airliner
138.jpg,parachute
139.jpg,african_elephant
140.jpg,goldfish
141.jpg,rugby
142.jpg,banana
143.jpg,rugby
144.jpg,parachute
145.jpg,banana
146.jpg,sunglasses
147.jpg,goldfish
148.jpg,african_elephant
149.jpg,convertible_car
150.jpg,rugby
151.jpg,goldfish
152.jpg,african_elephant
153.jpg,airliner
154.jpg,rugby
155.jpg,tiger_cat
156.jpg,sunglasses
157.jpg,golden_retriever
158.jpg,rugby
159.jpg,tiger_cat
160.jpg,african_elephant
161.jpg,airliner
162.jpg,sunglasses
163.jpg,sunglasses
164.jpg,sunglasses
165.jpg,sunglasses
166.jpg,tiger_cat
167.jpg,tiger_cat
168.jpg,tiger_cat
169.jpg,banana
170.jpg,parachute
171.jpg,airliner
172.jpg,convertible_car
173.jpg,goldfish
174.jpg,convertible_car
175.jpg,airliner
176.jpg,banana
177.jpg,african_elephant
178.jpg,golden_retriever
179.jpg,tiger_cat
180.jpg,banana
181.jpg,tiger_cat
182.jpg,parachute
183.jpg,sunglasses
184.jpg,tiger_cat
185.jpg,airliner
186.jpg,golden_retriever
187.jpg,airliner
188.jpg,african_elephant
189.jpg,airliner
190.jpg,convertible_car
191.jpg,banana
192.jpg,parachute
193.jpg,african_elephant
194.jpg,tiger_cat
195.jpg,goldfish
196.jpg,banana
197.jpg,sunglasses
198.jpg,banana
199.jpg,parachute
200.jpg,sunglasses
201.jpg,golden_retriever
202.jpg,sunglasses
203.jpg,goldfish
204.jpg,parachute
205.jpg,goldfish
206.jpg,convertible_car
207.jpg,airliner
208.jpg,airliner
209.jpg,airliner
210.jpg,goldfish
211.jpg,airliner
212.jpg,parachute
213.jpg,convertible_car
214.jpg,african_elephant
215.jpg,airliner
216.jpg,parachute
217.jpg,parachute
218.jpg,banana
219.jpg,rugby
220.jpg,sunglasses
221.jpg,airliner
222.jpg,banana
223.jpg,golden_retriever
224.jpg,banana
225.jpg,goldfish
226.jpg,golden_retriever
227.jpg,tiger_cat
228.jpg,sunglasses
229.jpg,convertible_car
230.jpg,golden_retriever
231.jpg,convertible_car
232.jpg,golden_retriever
233.jpg,rugby
234.jpg,sunglasses
235.jpg,convertible_car
236.jpg,goldfish
237.jpg,rugby
238.jpg,convertible_car
239.jpg,convertible_car
240.jpg,african_elephant
241.jpg,airliner
242.jpg,golden_retriever
243.jpg,rugby
244.jpg,golden_retriever
245.jpg,sunglasses
246.jpg,rugby
247.jpg,goldfish
248.jpg,airliner
249.jpg,airliner
250.jpg,goldfish
251.jpg,convertible_car
252.jpg,airliner
253.jpg,banana
254.jpg,african_elephant
255.jpg,airliner
256.jpg,airliner
257.jpg,sunglasses
258.jpg,african_elephant
259.jpg,golden_retriever
260.jpg,parachute
261.jpg,tiger_cat
262.jpg,african_elephant
263.jpg,african_elephant
264.jpg,sunglasses
265.jpg,banana
266.jpg,african_elephant
267.jpg,golden_retriever
268.jpg,banana
269.jpg,rugby
270.jpg,airliner
271.jpg,sunglasses
272.jpg,airliner
273.jpg,rugby
274.jpg,rugby
275.jpg,tiger_cat
276.jpg,african_elephant
277.jpg,sunglasses
278.jpg,banana
279.jpg,banana
280.jpg,african_elephant
281.jpg,sunglasses
282.jpg,goldfish
283.jpg,rugby
284.jpg,african_elephant
285.jpg,tiger_cat
286.jpg,african_elephant
287.jpg,goldfish
288.jpg,golden_retriever
289.jpg,banana
290.jpg,airliner
291.jpg,golden_retriever
292.jpg,goldfish
293.jpg,banana
294.jpg,sunglasses
295.jpg,parachute
296.jpg,rugby
297.jpg,sunglasses
298.jpg,banana
299.jpg,goldfish
300.jpg,sunglasses
301.jpg,sunglasses
302.jpg,sunglasses
303.jpg,sunglasses
304.jpg,sunglasses
305.jpg,goldfish
306.jpg,sunglasses
307.jpg,sunglasses
308.jpg,banana
309.jpg,tiger_cat
310.jpg,goldfish
311.jpg,airliner
312.jpg,goldfish
313.jpg,rugby
314.jpg,goldfish
315.jpg,convertible_car
316.jpg,golden_retriever
317.jpg,tiger_cat
318.jpg,goldfish
319.jpg,banana
320.jpg,banana
321.jpg,rugby
322.jpg,african_elephant
323.jpg,sunglasses
324.jpg,airliner
325.jpg,african_elephant
326.jpg,airliner
327.jpg,african_elephant
328.jpg,parachute
329.jpg,sunglasses
330.jpg,goldfish
331.jpg,tiger_cat
332.jpg,banana
333.jpg,airliner
334.jpg,convertible_car
335.jpg,sunglasses
336.jpg,banana
337.jpg,sunglasses
338.jpg,parachute
339.jpg,parachute
340.jpg,airliner
341.jpg,sunglasses
342.jpg,sunglasses
343.jpg,rugby
344.jpg,sunglasses
345.jpg,sunglasses
346.jpg,tiger_cat
347.jpg,sunglasses
348.jpg,sunglasses
349.jpg,parachute
350.jpg,airliner
351.jpg,rugby
352.jpg,african_elephant
353.jpg,convertible_car
354.jpg,sunglasses
355.jpg,african_elephant
356.jpg,convertible_car
357.jpg,sunglasses
358.jpg,tiger_cat
359.jpg,sunglasses
360.jpg,airliner
361.jpg,sunglasses
362.jpg,goldfish
363.jpg,goldfish
364.jpg,rugby
365.jpg,airliner
366.jpg,parachute
367.jpg,goldfish
368.jpg,airliner
369.jpg,sunglasses
370.jpg,goldfish
371.jpg,parachute
372.jpg,airliner
373.jpg,african_elephant
374.jpg,goldfish
375.jpg,tiger_cat
376.jpg,sunglasses
377.jpg,african_elephant
378.jpg,sunglasses
379.jpg,sunglasses
380.jpg,parachute
381.jpg,tiger_cat
382.jpg,convertible_car
383.jpg,parachute
384.jpg,airliner
385.jpg,golden_retriever
386.jpg,goldfish
387.jpg,airliner
388.jpg,convertible_car
389.jpg,rugby
390.jpg,parachute
391.jpg,sunglasses
392.jpg,airliner
393.jpg,banana
394.jpg,tiger_cat
395.jpg,sunglasses
396.jpg,golden_retriever
397.jpg,golden_retriever
398.jpg,african_elephant
399.jpg,airliner
400.jpg,sunglasses
401.jpg,sunglasses
402.jpg,rugby
403.jpg,goldfish
404.jpg,banana
405.jpg,sunglasses
406.jpg,rugby
407.jpg,tiger_cat
408.jpg,african_elephant
409.jpg,african_elephant
410.jpg,african_elephant
411.jpg,african_elephant
412.jpg,rugby
413.jpg,rugby
414.jpg,tiger_cat
415.jpg,rugby
416.jpg,airliner
417.jpg,sunglasses
418.jpg,african_elephant
419.jpg,sunglasses
420.jpg,sunglasses
421.jpg,rugby
422.jpg,parachute
423.jpg,convertible_car
424.jpg,tiger_cat
425.jpg,parachute
426.jpg,tiger_cat
427.jpg,parachute
428.jpg,golden_retriever
429.jpg,sunglasses
430.jpg,african_elephant
431.jpg,rugby
432.jpg,airliner
433.jpg,african_elephant
434.jpg,parachute
435.jpg,airliner
436.jpg,african_elephant
437.jpg,rugby
438.jpg,tiger_cat
439.jpg,convertible_car
440.jpg,african_elephant
441.jpg,african_elephant
442.jpg,sunglasses
443.jpg,african_elephant
444.jpg,golden_retriever
445.jpg,african_elephant
446.jpg,banana
447.jpg,goldfish
448.jpg,goldfish
449.jpg,african_elephant
450.jpg,goldfish
451.jpg,goldfish
452.jpg,goldfish
453.jpg,golden_retriever
454.jpg,parachute
455.jpg,rugby
456.jpg,airliner
457.jpg,convertible_car
458.jpg,goldfish
459.jpg,rugby
460.jpg,african_elephant
461.jpg,banana
462.jpg,golden_retriever
463.jpg,sunglasses
464.jpg,banana
465.jpg,african_elephant
466.jpg,airliner
467.jpg,goldfish
468.jpg,african_elephant
469.jpg,sunglasses
470.jpg,african_elephant
471.jpg,airliner
472.jpg,convertible_car
473.jpg,sunglasses
474.jpg,convertible_car
475.jpg,african_elephant
476.jpg,parachute
477.jpg,parachute
478.jpg,african_elephant
479.jpg,rugby
480.jpg,goldfish
481.jpg,convertible_car
482.jpg,goldfish
483.jpg,african_elephant
484.jpg,sunglasses
485.jpg,sunglasses
486.jpg,parachute
487.jpg,banana
488.jpg,tiger_cat
489.jpg,rugby
490.jpg,airliner
491.jpg,rugby
492.jpg,airliner
493.jpg,banana
494.jpg,goldfish
495.jpg,tiger_cat
496.jpg,convertible_car
497.jpg,banana
498.jpg,golden_retriever
499.jpg,goldfish
500.jpg,african_elephant
501.jpg,sunglasses
502.jpg,sunglasses
503.jpg,banana
504.jpg,african_elephant
505.jpg,airliner
506.jpg,african_elephant
507.jpg,convertible_car
508.jpg,airliner
509.jpg,african_elephant
510.jpg,african_elephant
511.jpg,airliner
512.jpg,goldfish
513.jpg,golden_retriever
514.jpg,banana
515.jpg,parachute
516.jpg,african_elephant
517.jpg,tiger_cat
518.jpg,african_elephant
519.jpg,banana
520.jpg,goldfish
521.jpg,convertible_car
522.jpg,airliner
523.jpg,sunglasses
524.jpg,goldfish
525.jpg,golden_retriever
526.jpg,tiger_cat
527.jpg,goldfish
528.jpg,airliner
529.jpg,african_elephant
530.jpg,banana
531.jpg,banana
532.jpg,airliner
533.jpg,tiger_cat
534.jpg,convertible_car
535.jpg,goldfish
536.jpg,banana
537.jpg,sunglasses
538.jpg,banana
539.jpg,african_elephant
540.jpg,airliner
541.jpg,goldfish
542.jpg,sunglasses
543.jpg,sunglasses
544.jpg,golden_retriever
545.jpg,banana
546.jpg,goldfish
547.jpg,golden_retriever
548.jpg,convertible_car
549.jpg,goldfish
550.jpg,golden_retriever
551.jpg,airliner
552.jpg,sunglasses
553.jpg,rugby
554.jpg,rugby
555.jpg,golden_retriever
556.jpg,sunglasses
557.jpg,african_elephant
558.jpg,tiger_cat
559.jpg,golden_retriever
560.jpg,airliner
561.jpg,banana
562.jpg,banana
563.jpg,convertible_car
564.jpg,tiger_cat
565.jpg,goldfish
566.jpg,airliner
567.jpg,sunglasses
568.jpg,sunglasses
569.jpg,goldfish
570.jpg,rugby
571.jpg,goldfish
572.jpg,golden_retriever
573.jpg,convertible_car
574.jpg,airliner
575.jpg,african_elephant
576.jpg,african_elephant
577.jpg,airliner
578.jpg,sunglasses
579.jpg,airliner
580.jpg,goldfish
581.jpg,goldfish
582.jpg,tiger_cat
583.jpg,african_elephant
584.jpg,banana
585.jpg,rugby
586.jpg,goldfish
587.jpg,sunglasses
588.jpg,parachute
589.jpg,banana
590.jpg,parachute
591.jpg,golden_retriever
592.jpg,sunglasses
593.jpg,convertible_car
594.jpg,airliner
595.jpg,african_elephant
596.jpg,airliner
597.jpg,banana
598.jpg,golden_retriever
599.jpg,rugby
600.jpg,sunglasses
601.jpg,rugby
602.jpg,goldfish
603.jpg,parachute
604.jpg,african_elephant
605.jpg,african_elephant
606.jpg,convertible_car
607.jpg,goldfish
608.jpg,sunglasses
609.jpg,sunglasses
610.jpg,tiger_cat
611.jpg,rugby
612.jpg,banana
613.jpg,rugby
614.jpg,golden_retriever
615.jpg,banana
616.jpg,banana
617.jpg,parachute
618.jpg,banana
619.jpg,convertible_car
620.jpg,sunglasses
621.jpg,golden_retriever
622.jpg,goldfish
623.jpg,rugby
624.jpg,tiger_cat
625.jpg,parachute
626.jpg,sunglasses
627.jpg,tiger_cat
628.jpg,convertible_car
629.jpg,african_elephant
630.jpg,sunglasses
631.jpg,tiger_cat
632.jpg,sunglasses
633.jpg,parachute
634.jpg,sunglasses
635.jpg,sunglasses
636.jpg,african_elephant
637.jpg,rugby
638.jpg,convertible_car
639.jpg,convertible_car
640.jpg,banana
641.jpg,sunglasses
642.jpg,convertible_car
643.jpg,sunglasses
644.jpg,parachute
645.jpg,goldfish
646.jpg,african_elephant
647.jpg,golden_retriever
648.jpg,goldfish
649.jpg,sunglasses
650.jpg,banana
651.jpg,golden_retriever
652.jpg,african_elephant
653.jpg,sunglasses
654.jpg,golden_retriever
655.jpg,sunglasses
656.jpg,sunglasses
657.jpg,banana
658.jpg,golden_retriever
659.jpg,convertible_car
660.jpg,rugby
661.jpg,rugby
662.jpg,golden_retriever
663.jpg,airliner
664.jpg,rugby
665.jpg,goldfish
666.jpg,banana
667.jpg,convertible_car
668.jpg,convertible_car
669.jpg,sunglasses
670.jpg,banana
671.jpg,golden_retriever
672.jpg,banana
673.jpg,tiger_cat
674.jpg,golden_retriever
675.jpg,airliner
676.jpg,airliner
677.jpg,african_elephant
678.jpg,parachute
679.jpg,convertible_car
680.jpg,tiger_cat
681.jpg,rugby
682.jpg,convertible_car
683.jpg,african_elephant
684.jpg,banana
685.jpg,banana
686.jpg,rugby
687.jpg,banana
688.jpg,tiger_cat
689.jpg,airliner
690.jpg,rugby
691.jpg,banana
692.jpg,goldfish
693.jpg,goldfish
694.jpg,goldfish
695.jpg,convertible_car
696.jpg,golden_retriever
697.jpg,banana
698.jpg,african_elephant
699.jpg,sunglasses
700.jpg,tiger_cat
701.jpg,golden_retriever
702.jpg,airliner
703.jpg,goldfish
704.jpg,african_elephant
705.jpg,parachute
706.jpg,sunglasses
707.jpg,convertible_car
708.jpg,golden_retriever
709.jpg,african_elephant
710.jpg,sunglasses
711.jpg,airliner
712.jpg,rugby
713.jpg,tiger_cat
714.jpg,parachute
715.jpg,sunglasses
716.jpg,sunglasses
717.jpg,airliner
718.jpg,parachute
719.jpg,banana
720.jpg,rugby
721.jpg,banana
722.jpg,sunglasses
723.jpg,parachute
724.jpg,sunglasses
725.jpg,golden_retriever
726.jpg,convertible_car
727.jpg,tiger_cat
728.jpg,sunglasses
729.jpg,banana
730.jpg,parachute
731.jpg,sunglasses
732.jpg,banana
733.jpg,tiger_cat
734.jpg,goldfish
735.jpg,sunglasses
736.jpg,sunglasses
737.jpg,tiger_cat
738.jpg,sunglasses
739.jpg,banana
740.jpg,african_elephant
741.jpg,goldfish
742.jpg,goldfish
743.jpg,tiger_cat
744.jpg,african_elephant
745.jpg,parachute
746.jpg,golden_retriever
747.jpg,banana
748.jpg,rugby
749.jpg,golden_retriever
750.jpg,banana
751.jpg,tiger_cat
752.jpg,banana
753.jpg,goldfish
754.jpg,sunglasses
755.jpg,golden_retriever
756.jpg,rugby
757.jpg,tiger_cat
758.jpg,african_elephant
759.jpg,convertible_car
760.jpg,convertible_car
761.jpg,sunglasses
762.jpg,banana
763.jpg,banana
764.jpg,golden_retriever
765.jpg,parachute
766.jpg,banana
767.jpg,banana
768.jpg,airliner
769.jpg,parachute
770.jpg,airliner
771.jpg,banana
772.jpg,convertible_car
773.jpg,rugby
774.jpg,convertible_car
775.jpg,golden_retriever
776.jpg,sunglasses
777.jpg,rugby
778.jpg,goldfish
779.jpg,tiger_cat
780.jpg,goldfish
781.jpg,parachute
782.jpg,airliner
783.jpg,african_elephant
784.jpg,golden_retriever
785.jpg,sunglasses
786.jpg,airliner
787.jpg,goldfish
788.jpg,golden_retriever
789.jpg,african_elephant
790.jpg,african_elephant
791.jpg,parachute
792.jpg,african_elephant
793.jpg,goldfish
794.jpg,parachute
795.jpg,banana
796.jpg,african_elephant
797.jpg,african_elephant
798.jpg,tiger_cat
799.jpg,parachute
800.jpg,convertible_car
801.jpg,sunglasses
802.jpg,airliner
803.jpg,parachute
804.jpg,airliner
805.jpg,african_elephant
806.jpg,golden_retriever
807.jpg,sunglasses
808.jpg,convertible_car
809.jpg,african_elephant
810.jpg,african_elephant
811.jpg,tiger_cat
812.jpg,convertible_car
813.jpg,golden_retriever
814.jpg,rugby
815.jpg,airliner
816.jpg,airliner
817.jpg,golden_retriever
818.jpg,convertible_car
819.jpg,convertible_car
820.jpg,banana
821.jpg,african_elephant
822.jpg,banana
823.jpg,african_elephant
824.jpg,banana
825.jpg,airliner
826.jpg,banana
827.jpg,parachute
828.jpg,african_elephant
829.jpg,rugby
830.jpg,goldfish
831.jpg,banana
832.jpg,airliner
833.jpg,convertible_car
834.jpg,golden_retriever
835.jpg,parachute
836.jpg,banana
837.jpg,airliner
838.jpg,golden_retriever
839.jpg,rugby
840.jpg,golden_retriever
841.jpg,convertible_car
842.jpg,rugby
843.jpg,golden_retriever
844.jpg,african_elephant
845.jpg,banana
846.jpg,goldfish
847.jpg,parachute
848.jpg,goldfish
849.jpg,sunglasses
850.jpg,golden_retriever
851.jpg,sunglasses
852.jpg,rugby
853.jpg,golden_retriever
854.jpg,african_elephant
855.jpg,african_elephant
856.jpg,tiger_cat
857.jpg,african_elephant
858.jpg,golden_retriever
859.jpg,african_elephant
860.jpg,banana
861.jpg,airliner
862.jpg,sunglasses
863.jpg,golden_retriever
864.jpg,parachute
865.jpg,african_elephant
866.jpg,banana
867.jpg,airliner
868.jpg,banana
869.jpg,airliner
870.jpg,tiger_cat
871.jpg,tiger_cat
872.jpg,african_elephant
873.jpg,goldfish
874.jpg,sunglasses
875.jpg,airliner
876.jpg,goldfish
877.jpg,banana
878.jpg,african_elephant
879.jpg,convertible_car
880.jpg,airliner
881.jpg,golden_retriever
882.jpg,airliner
883.jpg,parachute
884.jpg,african_elephant
885.jpg,convertible_car
886.jpg,parachute
887.jpg,convertible_car
888.jpg,airliner
889.jpg,parachute
890.jpg,african_elephant
891.jpg,airliner
892.jpg,tiger_cat
893.jpg,goldfish
894.jpg,rugby
895.jpg,airliner
896.jpg,goldfish
897.jpg,tiger_cat
898.jpg,tiger_cat
899.jpg,golden_retriever
900.jpg,tiger_cat
901.jpg,sunglasses
902.jpg,tiger_cat
903.jpg,african_elephant
904.jpg,goldfish
905.jpg,african_elephant
906.jpg,airliner
907.jpg,tiger_cat
908.jpg,tiger_cat
909.jpg,banana
910.jpg,parachute
911.jpg,golden_retriever
912.jpg,rugby
913.jpg,african_elephant
914.jpg,goldfish
915.jpg,african_elephant
916.jpg,golden_retriever
917.jpg,parachute
918.jpg,convertible_car
919.jpg,african_elephant
920.jpg,rugby
921.jpg,african_elephant
922.jpg,sunglasses
923.jpg,golden_retriever
924.jpg,airliner
925.jpg,convertible_car
926.jpg,banana
927.jpg,sunglasses
928.jpg,parachute
929.jpg,parachute
930.jpg,airliner
931.jpg,convertible_car
932.jpg,tiger_cat
933.jpg,sunglasses
934.jpg,airliner
935.jpg,goldfish
936.jpg,goldfish
937.jpg,convertible_car
938.jpg,sunglasses
939.jpg,sunglasses
940.jpg,golden_retriever
941.jpg,convertible_car
942.jpg,banana
943.jpg,convertible_car
944.jpg,banana
945.jpg,golden_retriever
946.jpg,convertible_car
947.jpg,convertible_car
948.jpg,african_elephant
949.jpg,banana
950.jpg,african_elephant
951.jpg,sunglasses
952.jpg,golden_retriever
953.jpg,goldfish
954.jpg,african_elephant
955.jpg,goldfish
956.jpg,goldfish
957.jpg,sunglasses
958.jpg,airliner
959.jpg,sunglasses
960.jpg,banana
961.jpg,tiger_cat
962.jpg,sunglasses
963.jpg,sunglasses
964.jpg,african_elephant
965.jpg,goldfish
966.jpg,sunglasses
967.jpg,banana
968.jpg,rugby
969.jpg,goldfish
970.jpg,golden_retriever
971.jpg,airliner
972.jpg,african_elephant
973.jpg,golden_retriever
974.jpg,african_elephant
975.jpg,african_elephant
976.jpg,parachute
977.jpg,african_elephant
978.jpg,goldfish
979.jpg,banana
980.jpg,tiger_cat
981.jpg,african_elephant
982.jpg,golden_retriever
983.jpg,goldfish
984.jpg,african_elephant
985.jpg,goldfish
986.jpg,banana
987.jpg,african_elephant
988.jpg,airliner
989.jpg,african_elephant
990.jpg,sunglasses
991.jpg,banana
992.jpg,african_elephant
993.jpg,tiger_cat
994.jpg,banana
995.jpg,sunglasses
996.jpg,parachute
997.jpg,rugby
998.jpg,african_elephant
999.jpg,african_elephant
1000.jpg,sunglasses
1001.jpg,sunglasses
1002.jpg,golden_retriever
1003.jpg,banana
1004.jpg,sunglasses
1005.jpg,golden_retriever
1006.jpg,banana
1007.jpg,goldfish
1008.jpg,african_elephant
1009.jpg,banana
1010.jpg,golden_retriever
1011.jpg,golden_retriever
1012.jpg,banana
1013.jpg,airliner
1014.jpg,tiger_cat
1015.jpg,goldfish
1016.jpg,convertible_car
1017.jpg,rugby
1018.jpg,banana
1019.jpg,airliner
1020.jpg,banana
1021.jpg,goldfish
1022.jpg,golden_retriever
1023.jpg,parachute
1024.jpg,airliner
1025.jpg,banana
1026.jpg,sunglasses
1027.jpg,airliner
1028.jpg,banana
1029.jpg,african_elephant
1030.jpg,goldfish
1031.jpg,golden_retriever
1032.jpg,banana
1033.jpg,sunglasses
1034.jpg,african_elephant
1035.jpg,parachute
1036.jpg,sunglasses
1037.jpg,african_elephant
1038.jpg,banana
1039.jpg,rugby
1040.jpg,sunglasses
1041.jpg,airliner
1042.jpg,parachute
1043.jpg,banana
1044.jpg,african_elephant
1045.jpg,sunglasses
1046.jpg,african_elephant
1047.jpg,sunglasses
1048.jpg,convertible_car
1049.jpg,african_elephant
1050.jpg,banana
1051.jpg,goldfish
1052.jpg,golden_retriever
1053.jpg,african_elephant
1054.jpg,african_elephant
1055.jpg,parachute
1056.jpg,tiger_cat
1057.jpg,goldfish
1058.jpg,banana
1059.jpg,tiger_cat
1060.jpg,convertible_car
1061.jpg,airliner
1062.jpg,african_elephant
1063.jpg,banana
1064.jpg,airliner
1065.jpg,convertible_car
1066.jpg,convertible_car
1067.jpg,sunglasses
1068.jpg,rugby
1069.jpg,rugby
1070.jpg,tiger_cat
1071.jpg,parachute
1072.jpg,banana
1073.jpg,airliner
1074.jpg,african_elephant
1075.jpg,tiger_cat
1076.jpg,convertible_car
1077.jpg,banana
1078.jpg,convertible_car
1079.jpg,convertible_car
1080.jpg,airliner
1081.jpg,convertible_car
1082.jpg,airliner
1083.jpg,airliner
1084.jpg,convertible_car
1085.jpg,parachute
1086.jpg,african_elephant
1087.jpg,convertible_car
1088.jpg,airliner
1089.jpg,banana
1090.jpg,african_elephant
1091.jpg,sunglasses
1092.jpg,convertible_car
1093.jpg,parachute
1094.jpg,golden_retriever
1095.jpg,sunglasses
1096.jpg,goldfish
1097.jpg,african_elephant
1098.jpg,airliner
1099.jpg,african_elephant
1100.jpg,african_elephant
1101.jpg,banana
1102.jpg,airliner
1103.jpg,tiger_cat
1104.jpg,sunglasses
1105.jpg,african_elephant
1106.jpg,sunglasses
1107.jpg,golden_retriever
1108.jpg,goldfish
1109.jpg,golden_retriever
1110.jpg,rugby
1111.jpg,tiger_cat
1112.jpg,parachute
1113.jpg,banana
1114.jpg,rugby
1115.jpg,banana
1116.jpg,goldfish
1117.jpg,banana
1118.jpg,banana
1119.jpg,sunglasses
1120.jpg,sunglasses
1121.jpg,banana
1122.jpg,african_elephant
1123.jpg,goldfish
1124.jpg,sunglasses
1125.jpg,golden_retriever
1126.jpg,goldfish
1127.jpg,sunglasses
1128.jpg,tiger_cat
1129.jpg,convertible_car
1130.jpg,african_elephant
1131.jpg,parachute
1132.jpg,sunglasses
1133.jpg,convertible_car
1134.jpg,banana
1135.jpg,african_elephant
1136.jpg,goldfish
1137.jpg,parachute
1138.jpg,parachute
1139.jpg,airliner
1140.jpg,sunglasses
1141.jpg,banana
1142.jpg,airliner
1143.jpg,african_elephant
1144.jpg,sunglasses
1145.jpg,goldfish
1146.jpg,goldfish
1147.jpg,banana
1148.jpg,sunglasses
1149.jpg,sunglasses
1150.jpg,airliner
1151.jpg,goldfish
1152.jpg,airliner
1153.jpg,banana
1154.jpg,convertible_car
1155.jpg,goldfish
1156.jpg,sunglasses
1157.jpg,banana
1158.jpg,tiger_cat
1159.jpg,tiger_cat
1160.jpg,sunglasses
1161.jpg,golden_retriever
1162.jpg,goldfish
1163.jpg,rugby
1164.jpg,parachute
1165.jpg,parachute
1166.jpg,goldfish
1167.jpg,goldfish
1168.jpg,airliner
1169.jpg,parachute
1170.jpg,airliner
1171.jpg,golden_retriever
1172.jpg,convertible_car
1173.jpg,rugby
1174.jpg,banana
1175.jpg,convertible_car
1176.jpg,sunglasses
1177.jpg,banana
1178.jpg,convertible_car
1179.jpg,sunglasses
1180.jpg,convertible_car
1181.jpg,parachute
1182.jpg,sunglasses
1183.jpg,parachute
1184.jpg,sunglasses
1185.jpg,goldfish
1186.jpg,rugby
1187.jpg,sunglasses
1188.jpg,parachute
1189.jpg,banana
1190.jpg,parachute
1191.jpg,sunglasses
1192.jpg,convertible_car
1193.jpg,sunglasses
1194.jpg,tiger_cat
1195.jpg,rugby
1196.jpg,convertible_car
1197.jpg,tiger_cat
1198.jpg,rugby
1199.jpg,banana
1200.jpg,african_elephant
1201.jpg,golden_retriever
1202.jpg,goldfish
1203.jpg,african_elephant
1204.jpg,golden_retriever
1205.jpg,african_elephant
1206.jpg,sunglasses
1207.jpg,golden_retriever
1208.jpg,convertible_car
1209.jpg,goldfish
1210.jpg,airliner
1211.jpg,african_elephant
1212.jpg,convertible_car
1213.jpg,convertible_car
1214.jpg,airliner
1215.jpg,african_elephant
1216.jpg,golden_retriever
1217.jpg,airliner
1218.jpg,airliner
1219.jpg,parachute
1220.jpg,sunglasses
1221.jpg,banana
1222.jpg,banana
1223.jpg,tiger_cat
1224.jpg,convertible_car
1225.jpg,african_elephant
1226.jpg,golden_retriever
1227.jpg,rugby
1228.jpg,convertible_car
1229.jpg,banana
1230.jpg,african_elephant
1231.jpg,rugby
1232.jpg,golden_retriever
1233.jpg,tiger_cat
1234.jpg,rugby
1235.jpg,convertible_car
1236.jpg,goldfish
1237.jpg,rugby
1238.jpg,airliner
1239.jpg,convertible_car
1240.jpg,african_elephant
1241.jpg,parachute
1242.jpg,tiger_cat
1243.jpg,parachute
1244.jpg,parachute
1245.jpg,tiger_cat
1246.jpg,african_elephant
1247.jpg,rugby
1248.jpg,airliner
1249.jpg,convertible_car
1250.jpg,rugby
1251.jpg,tiger_cat
1252.jpg,golden_retriever
1253.jpg,banana
1254.jpg,tiger_cat
1255.jpg,tiger_cat
1256.jpg,convertible_car
1257.jpg,tiger_cat
1258.jpg,airliner
1259.jpg,banana
1260.jpg,sunglasses
1261.jpg,airliner
1262.jpg,convertible_car
1263.jpg,sunglasses
1264.jpg,african_elephant
1265.jpg,golden_retriever
1266.jpg,tiger_cat
1267.jpg,banana
1268.jpg,banana
1269.jpg,sunglasses
1270.jpg,banana
1271.jpg,banana
1272.jpg,sunglasses
1273.jpg,banana
1274.jpg,airliner
1275.jpg,african_elephant
1276.jpg,tiger_cat
1277.jpg,airliner
1278.jpg,convertible_car
1279.jpg,airliner
1280.jpg,tiger_cat
1281.jpg,sunglasses
1282.jpg,parachute
1283.jpg,banana
1284.jpg,goldfish
1285.jpg,banana
1286.jpg,sunglasses
1287.jpg,golden_retriever
1288.jpg,banana
1289.jpg,african_elephant
1290.jpg,rugby
1291.jpg,goldfish
1292.jpg,airliner
1293.jpg,sunglasses
1294.jpg,parachute
1295.jpg,airliner
1296.jpg,airliner
1297.jpg,airliner
1298.jpg,goldfish
1299.jpg,airliner
1300.jpg,goldfish
1301.jpg,banana
1302.jpg,banana
1303.jpg,airliner
1304.jpg,golden_retriever
1305.jpg,goldfish
1306.jpg,convertible_car
1307.jpg,airliner
1308.jpg,banana
1309.jpg,rugby
1310.jpg,rugby
1311.jpg,african_elephant
1312.jpg,goldfish
1313.jpg,tiger_cat
1314.jpg,airliner
1315.jpg,convertible_car
1316.jpg,airliner
1317.jpg,golden_retriever
1318.jpg,tiger_cat
1319.jpg,banana
1320.jpg,parachute
1321.jpg,airliner
1322.jpg,banana
1323.jpg,african_elephant
1324.jpg,african_elephant
1325.jpg,parachute
1326.jpg,parachute
1327.jpg,rugby
1328.jpg,rugby
1329.jpg,sunglasses
1330.jpg,sunglasses
1331.jpg,airliner
1332.jpg,sunglasses
1333.jpg,banana
1334.jpg,airliner
1335.jpg,goldfish
1336.jpg,sunglasses
1337.jpg,airliner
1338.jpg,tiger_cat
1339.jpg,sunglasses
1340.jpg,tiger_cat
1341.jpg,goldfish
1342.jpg,sunglasses
1343.jpg,airliner
1344.jpg,sunglasses
1345.jpg,tiger_cat
1346.jpg,golden_retriever
1347.jpg,rugby
1348.jpg,african_elephant
1349.jpg,parachute
1350.jpg,african_elephant
1351.jpg,convertible_car
1352.jpg,rugby
1353.jpg,convertible_car
1354.jpg,goldfish
1355.jpg,parachute
1356.jpg,airliner
1357.jpg,golden_retriever
1358.jpg,african_elephant
1359.jpg,golden_retriever
1360.jpg,golden_retriever
1361.jpg,african_elephant
1362.jpg,airliner
1363.jpg,rugby
1364.jpg,sunglasses
1365.jpg,banana
1366.jpg,goldfish
1367.jpg,sunglasses
1368.jpg,goldfish
1369.jpg,tiger_cat
1370.jpg,golden_retriever
1371.jpg,sunglasses
1372.jpg,parachute
1373.jpg,golden_retriever
1374.jpg,sunglasses
1375.jpg,goldfish
1376.jpg,african_elephant
1377.jpg,convertible_car
1378.jpg,rugby
1379.jpg,rugby
1380.jpg,goldfish
1381.jpg,tiger_cat
1382.jpg,convertible_car
1383.jpg,goldfish
1384.jpg,golden_retriever
1385.jpg,african_elephant
1386.jpg,african_elephant
1387.jpg,airliner
1388.jpg,goldfish
1389.jpg,airliner
1390.jpg,african_elephant
1391.jpg,african_elephant
1392.jpg,golden_retriever
1393.jpg,african_elephant
1394.jpg,airliner
1395.jpg,banana
1396.jpg,rugby
1397.jpg,airliner
1398.jpg,african_elephant
1399.jpg,african_elephant
1400.jpg,goldfish
1401.jpg,rugby
1402.jpg,african_elephant
1403.jpg,golden_retriever
1404.jpg,convertible_car
1405.jpg,goldfish
1406.jpg,banana
1407.jpg,golden_retriever
1408.jpg,sunglasses
1409.jpg,sunglasses
1410.jpg,airliner
1411.jpg,rugby
1412.jpg,airliner
1413.jpg,rugby
1414.jpg,african_elephant
1415.jpg,banana
1416.jpg,sunglasses
1417.jpg,banana
1418.jpg,sunglasses
1419.jpg,convertible_car
1420.jpg,sunglasses
1421.jpg,sunglasses
1422.jpg,rugby
1423.jpg,sunglasses
1424.jpg,african_elephant
1425.jpg,tiger_cat
1426.jpg,airliner
1427.jpg,convertible_car
1428.jpg,golden_retriever
1429.jpg,golden_retriever
1430.jpg,sunglasses
1431.jpg,sunglasses
1432.jpg,banana
1433.jpg,african_elephant
1434.jpg,african_elephant
1435.jpg,golden_retriever
1436.jpg,african_elephant
1437.jpg,goldfish
1438.jpg,sunglasses
1439.jpg,airliner
1440.jpg,african_elephant
1441.jpg,african_elephant
1442.jpg,convertible_car
1443.jpg,african_elephant
1444.jpg,convertible_car
1445.jpg,convertible_car
1446.jpg,banana
1447.jpg,rugby
1448.jpg,parachute
1449.jpg,tiger_cat
1450.jpg,african_elephant
1451.jpg,airliner
1452.jpg,sunglasses
1453.jpg,tiger_cat
1454.jpg,golden_retriever
1455.jpg,rugby
1456.jpg,banana
1457.jpg,parachute
1458.jpg,banana
1459.jpg,rugby
1460.jpg,golden_retriever
1461.jpg,african_elephant
1462.jpg,convertible_car
1463.jpg,airliner
1464.jpg,airliner
1465.jpg,convertible_car
1466.jpg,african_elephant
1467.jpg,goldfish
1468.jpg,tiger_cat
1469.jpg,goldfish
1470.jpg,airliner
1471.jpg,sunglasses
1472.jpg,african_elephant
1473.jpg,convertible_car
1474.jpg,airliner
1475.jpg,parachute
1476.jpg,african_elephant
1477.jpg,convertible_car
1478.jpg,parachute
1479.jpg,african_elephant
1480.jpg,airliner
1481.jpg,banana
1482.jpg,parachute
1483.jpg,airliner
1484.jpg,convertible_car
1485.jpg,african_elephant
1486.jpg,parachute
1487.jpg,african_elephant
1488.jpg,tiger_cat
1489.jpg,banana
1490.jpg,sunglasses
1491.jpg,african_elephant
1492.jpg,rugby
1493.jpg,goldfish
1494.jpg,african_elephant
1495.jpg,goldfish
1496.jpg,sunglasses
1497.jpg,golden_retriever
1498.jpg,sunglasses
1499.jpg,sunglasses
1500.jpg,african_elephant
1501.jpg,convertible_car
1502.jpg,airliner
1503.jpg,banana
1504.jpg,convertible_car
1505.jpg,convertible_car
1506.jpg,airliner
1507.jpg,airliner
1508.jpg,banana
1509.jpg,banana
1510.jpg,golden_retriever
1511.jpg,rugby
1512.jpg,golden_retriever
1513.jpg,convertible_car
1514.jpg,sunglasses
1515.jpg,golden_retriever
1516.jpg,airliner
1517.jpg,tiger_cat
1518.jpg,golden_retriever
1519.jpg,airliner
1520.jpg,sunglasses
1521.jpg,banana
1522.jpg,sunglasses
1523.jpg,airliner
1524.jpg,african_elephant
1525.jpg,african_elephant
1526.jpg,parachute
1527.jpg,airliner
1528.jpg,sunglasses
1529.jpg,rugby
1530.jpg,airliner
1531.jpg,sunglasses
1532.jpg,african_elephant
1533.jpg,airliner
1534.jpg,african_elephant
1535.jpg,parachute
1536.jpg,african_elephant
1537.jpg,banana
1538.jpg,goldfish
1539.jpg,convertible_car
1540.jpg,african_elephant
1541.jpg,sunglasses
1542.jpg,goldfish
1543.jpg,banana
1544.jpg,african_elephant
1545.jpg,sunglasses
1546.jpg,banana
1547.jpg,african_elephant
1548.jpg,sunglasses
1549.jpg,sunglasses
1550.jpg,banana
1551.jpg,sunglasses
1552.jpg,convertible_car
1553.jpg,sunglasses
1554.jpg,parachute
1555.jpg,rugby
1556.jpg,convertible_car
1557.jpg,sunglasses
1558.jpg,parachute
1559.jpg,african_elephant
1560.jpg,golden_retriever
1561.jpg,banana
1562.jpg,african_elephant
1563.jpg,banana
1564.jpg,african_elephant
1565.jpg,goldfish
1566.jpg,sunglasses
1567.jpg,tiger_cat
1568.jpg,airliner
1569.jpg,rugby
1570.jpg,golden_retriever
1571.jpg,rugby
1572.jpg,african_elephant
1573.jpg,parachute
1574.jpg,tiger_cat
1575.jpg,golden_retriever
1576.jpg,african_elephant
1577.jpg,airliner
1578.jpg,sunglasses
1579.jpg,goldfish
1580.jpg,tiger_cat
1581.jpg,african_elephant
1582.jpg,banana
1583.jpg,banana
1584.jpg,banana
1585.jpg,airliner
1586.jpg,tiger_cat
1587.jpg,goldfish
1588.jpg,golden_retriever
1589.jpg,golden_retriever
1590.jpg,sunglasses
1591.jpg,sunglasses
1592.jpg,rugby
1593.jpg,convertible_car
1594.jpg,golden_retriever
1595.jpg,sunglasses
1596.jpg,airliner
1597.jpg,banana
1598.jpg,goldfish
1599.jpg,tiger_cat
1600.jpg,banana
1601.jpg,convertible_car
1602.jpg,golden_retriever
1603.jpg,goldfish
1604.jpg,convertible_car
1605.jpg,golden_retriever
1606.jpg,banana
1607.jpg,banana
1608.jpg,sunglasses
1609.jpg,rugby
1610.jpg,banana
1611.jpg,golden_retriever
1612.jpg,african_elephant
1613.jpg,rugby
1614.jpg,african_elephant
1615.jpg,african_elephant
1616.jpg,golden_retriever
1617.jpg,tiger_cat
1618.jpg,convertible_car
1619.jpg,banana
1620.jpg,airliner
1621.jpg,sunglasses
1622.jpg,convertible_car
1623.jpg,convertible_car
1624.jpg,goldfish
1625.jpg,rugby
1626.jpg,sunglasses
1627.jpg,banana
1628.jpg,tiger_cat
1629.jpg,golden_retriever
1630.jpg,rugby
1631.jpg,airliner
1632.jpg,airliner
1633.jpg,parachute
1634.jpg,parachute
1635.jpg,tiger_cat
1636.jpg,tiger_cat
1637.jpg,sunglasses
1638.jpg,airliner
1639.jpg,sunglasses
1640.jpg,sunglasses
1641.jpg,african_elephant
1642.jpg,banana
1643.jpg,banana
1644.jpg,african_elephant
1645.jpg,african_elephant
1646.jpg,golden_retriever
1647.jpg,golden_retriever
1648.jpg,golden_retriever
1649.jpg,african_elephant
1650.jpg,golden_retriever
1651.jpg,parachute
1652.jpg,airliner
1653.jpg,sunglasses
1654.jpg,banana
1655.jpg,convertible_car
1656.jpg,rugby
1657.jpg,parachute
1658.jpg,airliner
1659.jpg,airliner
1660.jpg,golden_retriever
1661.jpg,golden_retriever
1662.jpg,banana
1663.jpg,golden_retriever
1664.jpg,sunglasses
1665.jpg,banana
1666.jpg,banana
1667.jpg,sunglasses
1668.jpg,banana
1669.jpg,african_elephant
1670.jpg,parachute
1671.jpg,banana
1672.jpg,parachute
1673.jpg,airliner
1674.jpg,goldfish
1675.jpg,banana
1676.jpg,banana
1677.jpg,sunglasses
1678.jpg,rugby
1679.jpg,golden_retriever
1680.jpg,airliner
1681.jpg,african_elephant
1682.jpg,goldfish
1683.jpg,convertible_car
1684.jpg,tiger_cat
1685.jpg,rugby
1686.jpg,tiger_cat
1687.jpg,goldfish
1688.jpg,airliner
1689.jpg,parachute
1690.jpg,tiger_cat
1691.jpg,african_elephant
1692.jpg,sunglasses
1693.jpg,banana
1694.jpg,banana
1695.jpg,golden_retriever
1696.jpg,tiger_cat
1697.jpg,tiger_cat
1698.jpg,goldfish
1699.jpg,parachute
1700.jpg,sunglasses
1701.jpg,banana
1702.jpg,banana
1703.jpg,african_elephant
1704.jpg,sunglasses
1705.jpg,goldfish
1706.jpg,african_elephant
1707.jpg,banana
1708.jpg,sunglasses
1709.jpg,tiger_cat
1710.jpg,tiger_cat
1711.jpg,rugby
1712.jpg,sunglasses
1713.jpg,parachute
1714.jpg,tiger_cat
1715.jpg,airliner
1716.jpg,banana
1717.jpg,tiger_cat
1718.jpg,sunglasses
1719.jpg,sunglasses
1720.jpg,goldfish
1721.jpg,banana
1722.jpg,golden_retriever
1723.jpg,african_elephant
1724.jpg,banana
1725.jpg,banana
1726.jpg,convertible_car
1727.jpg,parachute
1728.jpg,airliner
1729.jpg,parachute
1730.jpg,banana
1731.jpg,convertible_car
1732.jpg,airliner
1733.jpg,sunglasses
1734.jpg,goldfish
1735.jpg,african_elephant
1736.jpg,rugby
1737.jpg,african_elephant
1738.jpg,banana
1739.jpg,banana
1740.jpg,african_elephant
1741.jpg,convertible_car
1742.jpg,convertible_car
1743.jpg,banana
1744.jpg,african_elephant
1745.jpg,rugby
1746.jpg,sunglasses
1747.jpg,african_elephant
1748.jpg,tiger_cat
1749.jpg,african_elephant
1750.jpg,goldfish
1751.jpg,banana
1752.jpg,banana
1753.jpg,african_elephant
1754.jpg,goldfish
1755.jpg,goldfish
1756.jpg,sunglasses
1757.jpg,sunglasses
1758.jpg,african_elephant
1759.jpg,airliner
1760.jpg,rugby
1761.jpg,african_elephant
1762.jpg,sunglasses
1763.jpg,sunglasses
1764.jpg,golden_retriever
1765.jpg,rugby
1766.jpg,airliner
1767.jpg,tiger_cat
1768.jpg,airliner
1769.jpg,rugby
1770.jpg,african_elephant
1771.jpg,golden_retriever
1772.jpg,sunglasses
1773.jpg,parachute
1774.jpg,banana
1775.jpg,parachute
1776.jpg,airliner
1777.jpg,african_elephant
1778.jpg,tiger_cat
1779.jpg,banana
1780.jpg,convertible_car
1781.jpg,golden_retriever
1782.jpg,banana
1783.jpg,convertible_car
1784.jpg,tiger_cat
1785.jpg,airliner
1786.jpg,african_elephant
1787.jpg,banana
1788.jpg,goldfish
1789.jpg,convertible_car
1790.jpg,african_elephant
1791.jpg,convertible_car
1792.jpg,african_elephant
1793.jpg,goldfish
1794.jpg,banana
1795.jpg,goldfish
1796.jpg,convertible_car
1797.jpg,convertible_car
1798.jpg,banana
1799.jpg,tiger_cat
1800.jpg,airliner
1801.jpg,sunglasses
1802.jpg,african_elephant
1803.jpg,african_elephant
1804.jpg,african_elephant
1805.jpg,convertible_car
1806.jpg,sunglasses
1807.jpg,airliner
1808.jpg,goldfish
1809.jpg,banana
1810.jpg,sunglasses
1811.jpg,golden_retriever
1812.jpg,goldfish
1813.jpg,african_elephant
1814.jpg,goldfish
1815.jpg,golden_retriever
1816.jpg,rugby
1817.jpg,goldfish
1818.jpg,rugby
1819.jpg,goldfish
1820.jpg,tiger_cat
1821.jpg,banana
1822.jpg,rugby
1823.jpg,rugby
1824.jpg,parachute
1825.jpg,parachute
1826.jpg,goldfish
1827.jpg,goldfish
1828.jpg,banana
1829.jpg,goldfish
1830.jpg,parachute
1831.jpg,convertible_car
1832.jpg,airliner
1833.jpg,airliner
1834.jpg,banana
1835.jpg,african_elephant
1836.jpg,golden_retriever
1837.jpg,parachute
1838.jpg,african_elephant
1839.jpg,banana
1840.jpg,african_elephant
1841.jpg,goldfish
1842.jpg,rugby
1843.jpg,convertible_car
1844.jpg,sunglasses
1845.jpg,airliner
1846.jpg,sunglasses
1847.jpg,airliner
1848.jpg,sunglasses
1849.jpg,tiger_cat
1850.jpg,goldfish
1851.jpg,parachute
1852.jpg,parachute
1853.jpg,airliner
1854.jpg,rugby
1855.jpg,sunglasses
1856.jpg,airliner
1857.jpg,airliner
1858.jpg,tiger_cat
1859.jpg,parachute
1860.jpg,banana
1861.jpg,golden_retriever
1862.jpg,rugby
1863.jpg,airliner
1864.jpg,parachute
1865.jpg,convertible_car
1866.jpg,rugby
1867.jpg,parachute
1868.jpg,goldfish
1869.jpg,african_elephant
1870.jpg,convertible_car
1871.jpg,rugby
1872.jpg,sunglasses
1873.jpg,banana
1874.jpg,convertible_car
1875.jpg,african_elephant
1876.jpg,african_elephant
1877.jpg,goldfish
1878.jpg,banana
1879.jpg,goldfish
1880.jpg,african_elephant
1881.jpg,tiger_cat
1882.jpg,rugby
1883.jpg,african_elephant
1884.jpg,african_elephant
1885.jpg,rugby
1886.jpg,tiger_cat
1887.jpg,african_elephant
1888.jpg,parachute
1889.jpg,sunglasses
1890.jpg,airliner
1891.jpg,african_elephant
1892.jpg,tiger_cat
1893.jpg,airliner
1894.jpg,banana
1895.jpg,sunglasses
1896.jpg,goldfish
1897.jpg,african_elephant
1898.jpg,sunglasses
1899.jpg,african_elephant
1900.jpg,sunglasses
1901.jpg,convertible_car
1902.jpg,airliner
1903.jpg,airliner
1904.jpg,golden_retriever
1905.jpg,african_elephant
1906.jpg,sunglasses
1907.jpg,convertible_car
1908.jpg,tiger_cat
1909.jpg,tiger_cat
1910.jpg,airliner
1911.jpg,rugby
1912.jpg,african_elephant
1913.jpg,parachute
1914.jpg,golden_retriever
1915.jpg,banana
1916.jpg,golden_retriever
1917.jpg,goldfish
1918.jpg,african_elephant
1919.jpg,golden_retriever
1920.jpg,sunglasses
1921.jpg,african_elephant
1922.jpg,airliner
1923.jpg,golden_retriever
1924.jpg,african_elephant
1925.jpg,golden_retriever
1926.jpg,tiger_cat
1927.jpg,banana
1928.jpg,rugby
1929.jpg,african_elephant
1930.jpg,sunglasses
1931.jpg,rugby
1932.jpg,banana
1933.jpg,airliner
1934.jpg,airliner
1935.jpg,convertible_car
1936.jpg,golden_retriever
1937.jpg,goldfish
1938.jpg,parachute
1939.jpg,banana
1940.jpg,goldfish
1941.jpg,banana
1942.jpg,convertible_car
1943.jpg,sunglasses
1944.jpg,airliner
1945.jpg,goldfish
1946.jpg,convertible_car
1947.jpg,golden_retriever
1948.jpg,african_elephant
1949.jpg,airliner
1950.jpg,rugby
1951.jpg,african_elephant
1952.jpg,goldfish
1953.jpg,airliner
1954.jpg,african_elephant
1955.jpg,sunglasses
1956.jpg,goldfish
1957.jpg,african_elephant
1958.jpg,banana
1959.jpg,golden_retriever
1960.jpg,banana
1961.jpg,sunglasses
1962.jpg,airliner
1963.jpg,african_elephant
1964.jpg,parachute
1965.jpg,tiger_cat
1966.jpg,rugby
1967.jpg,golden_retriever
1968.jpg,goldfish
1969.jpg,african_elephant
1970.jpg,airliner
1971.jpg,sunglasses
1972.jpg,parachute
1973.jpg,african_elephant
1974.jpg,sunglasses
1975.jpg,convertible_car
1976.jpg,goldfish
1977.jpg,banana
1978.jpg,goldfish
1979.jpg,banana
1980.jpg,rugby
1981.jpg,tiger_cat
1982.jpg,tiger_cat
1983.jpg,rugby
1984.jpg,airliner
1985.jpg,sunglasses
1986.jpg,african_elephant
1987.jpg,banana
1988.jpg,convertible_car
1989.jpg,goldfish
1990.jpg,airliner
1991.jpg,african_elephant
1992.jpg,african_elephant
1993.jpg,parachute
1994.jpg,banana
1995.jpg,banana
1996.jpg,sunglasses
1997.jpg,sunglasses
1998.jpg,african_elephant
1999.jpg,rugby
2000.jpg,african_elephant
2001.jpg,convertible_car
2002.jpg,african_elephant
2003.jpg,airliner
2004.jpg,african_elephant
2005.jpg,goldfish
2006.jpg,airliner
2007.jpg,banana
2008.jpg,goldfish
2009.jpg,sunglasses
2010.jpg,african_elephant
2011.jpg,tiger_cat
2012.jpg,banana
2013.jpg,golden_retriever
2014.jpg,banana
2015.jpg,sunglasses
2016.jpg,tiger_cat
2017.jpg,goldfish
2018.jpg,parachute
2019.jpg,parachute
2020.jpg,goldfish
2021.jpg,airliner
2022.jpg,tiger_cat
2023.jpg,banana
2024.jpg,airliner
2025.jpg,banana
2026.jpg,tiger_cat
2027.jpg,goldfish
2028.jpg,goldfish
2029.jpg,convertible_car
2030.jpg,sunglasses
2031.jpg,sunglasses
2032.jpg,goldfish
2033.jpg,tiger_cat
2034.jpg,african_elephant
2035.jpg,golden_retriever
2036.jpg,rugby
2037.jpg,golden_retriever
2038.jpg,african_elephant
2039.jpg,convertible_car
2040.jpg,convertible_car
2041.jpg,sunglasses
2042.jpg,african_elephant
2043.jpg,rugby
2044.jpg,rugby
2045.jpg,goldfish
2046.jpg,goldfish
2047.jpg,golden_retriever
2048.jpg,sunglasses
2049.jpg,african_elephant
2050.jpg,airliner
2051.jpg,banana
2052.jpg,rugby
2053.jpg,goldfish
2054.jpg,banana
2055.jpg,parachute
2056.jpg,convertible_car
2057.jpg,african_elephant
2058.jpg,convertible_car
2059.jpg,goldfish
2060.jpg,rugby
2061.jpg,parachute
2062.jpg,airliner
2063.jpg,airliner
2064.jpg,african_elephant
2065.jpg,african_elephant
2066.jpg,banana
2067.jpg,parachute
2068.jpg,sunglasses
2069.jpg,goldfish
2070.jpg,african_elephant
2071.jpg,banana
2072.jpg,sunglasses
2073.jpg,goldfish
2074.jpg,rugby
2075.jpg,convertible_car
2076.jpg,golden_retriever
2077.jpg,goldfish
2078.jpg,parachute
2079.jpg,parachute
2080.jpg,convertible_car
2081.jpg,golden_retriever
2082.jpg,banana
2083.jpg,goldfish
2084.jpg,tiger_cat
2085.jpg,airliner
2086.jpg,tiger_cat
2087.jpg,african_elephant
2088.jpg,african_elephant
2089.jpg,parachute
2090.jpg,banana
2091.jpg,banana
2092.jpg,african_elephant
2093.jpg,golden_retriever
2094.jpg,tiger_cat
2095.jpg,parachute
2096.jpg,african_elephant
2097.jpg,african_elephant
2098.jpg,african_elephant
2099.jpg,convertible_car
2100.jpg,sunglasses
2101.jpg,sunglasses
2102.jpg,convertible_car
2103.jpg,sunglasses
2104.jpg,goldfish
2105.jpg,airliner
2106.jpg,banana
2107.jpg,banana
2108.jpg,convertible_car
2109.jpg,african_elephant
2110.jpg,african_elephant
2111.jpg,african_elephant
2112.jpg,sunglasses
2113.jpg,golden_retriever
2114.jpg,banana
2115.jpg,convertible_car
2116.jpg,goldfish
2117.jpg,rugby
2118.jpg,sunglasses
2119.jpg,sunglasses
2120.jpg,banana
2121.jpg,goldfish
2122.jpg,convertible_car
2123.jpg,convertible_car
2124.jpg,african_elephant
2125.jpg,rugby
2126.jpg,banana
2127.jpg,banana
2128.jpg,banana
2129.jpg,african_elephant
2130.jpg,sunglasses
2131.jpg,sunglasses
2132.jpg,rugby
2133.jpg,airliner
2134.jpg,golden_retriever
2135.jpg,african_elephant
2136.jpg,airliner
2137.jpg,airliner
2138.jpg,parachute
2139.jpg,convertible_car
2140.jpg,rugby
2141.jpg,african_elephant
2142.jpg,tiger_cat
2143.jpg,banana
2144.jpg,parachute
2145.jpg,sunglasses
2146.jpg,sunglasses
2147.jpg,african_elephant
2148.jpg,airliner
2149.jpg,tiger_cat
2150.jpg,convertible_car
2151.jpg,rugby
2152.jpg,airliner
2153.jpg,sunglasses
2154.jpg,african_elephant
2155.jpg,airliner
2156.jpg,golden_retriever
2157.jpg,banana
2158.jpg,golden_retriever
2159.jpg,goldfish
2160.jpg,rugby
2161.jpg,banana
2162.jpg,african_elephant
2163.jpg,goldfish
2164.jpg,rugby
2165.jpg,african_elephant
2166.jpg,golden_retriever
2167.jpg,african_elephant
2168.jpg,sunglasses
2169.jpg,african_elephant
2170.jpg,banana
2171.jpg,parachute
2172.jpg,golden_retriever
2173.jpg,african_elephant
2174.jpg,golden_retriever
2175.jpg,golden_retriever
2176.jpg,parachute
2177.jpg,african_elephant
2178.jpg,parachute
2179.jpg,african_elephant
2180.jpg,goldfish
2181.jpg,african_elephant
2182.jpg,convertible_car
2183.jpg,african_elephant
2184.jpg,sunglasses
2185.jpg,african_elephant
2186.jpg,african_elephant
2187.jpg,convertible_car
2188.jpg,banana
2189.jpg,african_elephant
2190.jpg,sunglasses
2191.jpg,convertible_car
2192.jpg,sunglasses
2193.jpg,convertible_car
2194.jpg,banana
2195.jpg,african_elephant
2196.jpg,banana
2197.jpg,tiger_cat
2198.jpg,goldfish
2199.jpg,convertible_car
2200.jpg,airliner
2201.jpg,african_elephant
2202.jpg,golden_retriever
2203.jpg,golden_retriever
2204.jpg,golden_retriever
2205.jpg,african_elephant
2206.jpg,african_elephant
2207.jpg,goldfish
2208.jpg,african_elephant
2209.jpg,rugby
2210.jpg,sunglasses
2211.jpg,sunglasses
2212.jpg,sunglasses
2213.jpg,goldfish
2214.jpg,airliner
2215.jpg,convertible_car
2216.jpg,convertible_car
2217.jpg,goldfish
2218.jpg,banana
2219.jpg,rugby
2220.jpg,goldfish
2221.jpg,airliner
2222.jpg,african_elephant
2223.jpg,african_elephant
2224.jpg,goldfish
2225.jpg,banana
2226.jpg,parachute
2227.jpg,airliner
2228.jpg,parachute
2229.jpg,parachute
2230.jpg,convertible_car
2231.jpg,convertible_car
2232.jpg,golden_retriever
2233.jpg,airliner
2234.jpg,parachute
2235.jpg,sunglasses
2236.jpg,banana
2237.jpg,rugby
2238.jpg,banana
2239.jpg,rugby
2240.jpg,african_elephant
2241.jpg,banana
2242.jpg,sunglasses
2243.jpg,rugby
2244.jpg,golden_retriever
2245.jpg,parachute
2246.jpg,sunglasses
2247.jpg,rugby
2248.jpg,goldfish
2249.jpg,sunglasses
2250.jpg,sunglasses
2251.jpg,golden_retriever
2252.jpg,banana
2253.jpg,banana
2254.jpg,tiger_cat
2255.jpg,sunglasses
2256.jpg,airliner
2257.jpg,convertible_car
2258.jpg,convertible_car
2259.jpg,banana
2260.jpg,parachute
2261.jpg,convertible_car
2262.jpg,rugby
2263.jpg,goldfish
2264.jpg,parachute
2265.jpg,sunglasses
2266.jpg,banana
2267.jpg,rugby
2268.jpg,goldfish
2269.jpg,convertible_car
2270.jpg,sunglasses
2271.jpg,banana
2272.jpg,parachute
2273.jpg,convertible_car
2274.jpg,banana
2275.jpg,african_elephant
2276.jpg,african_elephant
2277.jpg,sunglasses
2278.jpg,golden_retriever
2279.jpg,parachute
2280.jpg,sunglasses
2281.jpg,convertible_car
2282.jpg,tiger_cat
2283.jpg,airliner
2284.jpg,convertible_car
2285.jpg,sunglasses
2286.jpg,goldfish
2287.jpg,goldfish
2288.jpg,african_elephant
2289.jpg,airliner
2290.jpg,sunglasses
2291.jpg,sunglasses
2292.jpg,rugby
2293.jpg,goldfish
2294.jpg,goldfish
2295.jpg,rugby
2296.jpg,parachute
2297.jpg,airliner
2298.jpg,goldfish
2299.jpg,tiger_cat
2300.jpg,goldfish
2301.jpg,sunglasses
2302.jpg,goldfish
2303.jpg,banana
2304.jpg,goldfish
2305.jpg,goldfish
2306.jpg,convertible_car
2307.jpg,parachute
2308.jpg,convertible_car
2309.jpg,african_elephant
2310.jpg,rugby
2311.jpg,parachute
2312.jpg,sunglasses
2313.jpg,sunglasses
2314.jpg,golden_retriever
2315.jpg,african_elephant
2316.jpg,goldfish
2317.jpg,parachute
2318.jpg,african_elephant
2319.jpg,sunglasses
2320.jpg,golden_retriever
2321.jpg,goldfish
2322.jpg,banana
2323.jpg,african_elephant
2324.jpg,goldfish
2325.jpg,african_elephant
2326.jpg,airliner
2327.jpg,tiger_cat
2328.jpg,golden_retriever
2329.jpg,sunglasses
2330.jpg,parachute
2331.jpg,african_elephant
2332.jpg,african_elephant
2333.jpg,banana
2334.jpg,goldfish
2335.jpg,african_elephant
2336.jpg,banana
2337.jpg,goldfish
2338.jpg,african_elephant
2339.jpg,golden_retriever
2340.jpg,rugby
2341.jpg,golden_retriever
2342.jpg,parachute
2343.jpg,rugby
2344.jpg,airliner
2345.jpg,parachute
2346.jpg,african_elephant
2347.jpg,golden_retriever
2348.jpg,tiger_cat
2349.jpg,tiger_cat
2350.jpg,goldfish
2351.jpg,african_elephant
2352.jpg,rugby
2353.jpg,rugby
2354.jpg,golden_retriever
2355.jpg,parachute
2356.jpg,rugby
2357.jpg,rugby
2358.jpg,tiger_cat
2359.jpg,goldfish
2360.jpg,african_elephant
2361.jpg,parachute
2362.jpg,rugby
2363.jpg,golden_retriever
2364.jpg,goldfish
2365.jpg,african_elephant
2366.jpg,african_elephant
2367.jpg,goldfish
2368.jpg,golden_retriever
2369.jpg,golden_retriever
2370.jpg,convertible_car
2371.jpg,rugby
2372.jpg,golden_retriever
2373.jpg,african_elephant
2374.jpg,sunglasses
2375.jpg,parachute
2376.jpg,african_elephant
2377.jpg,african_elephant
2378.jpg,rugby
2379.jpg,airliner
2380.jpg,goldfish
2381.jpg,airliner
2382.jpg,airliner
2383.jpg,banana
2384.jpg,airliner
2385.jpg,banana
2386.jpg,golden_retriever
2387.jpg,convertible_car
2388.jpg,airliner
2389.jpg,airliner
2390.jpg,golden_retriever
2391.jpg,tiger_cat
2392.jpg,rugby
2393.jpg,tiger_cat
2394.jpg,sunglasses
2395.jpg,banana
2396.jpg,parachute
2397.jpg,banana
2398.jpg,goldfish
2399.jpg,sunglasses
2400.jpg,airliner
2401.jpg,banana
2402.jpg,goldfish
2403.jpg,rugby
2404.jpg,banana
2405.jpg,goldfish
2406.jpg,sunglasses
2407.jpg,goldfish
2408.jpg,golden_retriever
2409.jpg,tiger_cat
2410.jpg,goldfish
2411.jpg,sunglasses
2412.jpg,african_elephant
2413.jpg,convertible_car
2414.jpg,convertible_car
2415.jpg,parachute
2416.jpg,banana
2417.jpg,african_elephant
2418.jpg,african_elephant
2419.jpg,golden_retriever
2420.jpg,african_elephant
2421.jpg,airliner
2422.jpg,banana
2423.jpg,airliner
2424.jpg,parachute
2425.jpg,african_elephant
2426.jpg,goldfish
2427.jpg,airliner
2428.jpg,convertible_car
2429.jpg,banana
2430.jpg,african_elephant
2431.jpg,banana
2432.jpg,golden_retriever
2433.jpg,airliner
2434.jpg,parachute
2435.jpg,african_elephant
2436.jpg,banana
2437.jpg,airliner
2438.jpg,golden_retriever
2439.jpg,convertible_car
2440.jpg,parachute
2441.jpg,convertible_car
2442.jpg,banana
2443.jpg,goldfish
2444.jpg,banana
2445.jpg,golden_retriever
2446.jpg,sunglasses
2447.jpg,tiger_cat
2448.jpg,african_elephant
2449.jpg,sunglasses
2450.jpg,parachute
2451.jpg,parachute
2452.jpg,banana
2453.jpg,airliner
2454.jpg,golden_retriever
2455.jpg,rugby
2456.jpg,goldfish
2457.jpg,rugby
2458.jpg,african_elephant
2459.jpg,convertible_car
2460.jpg,sunglasses
2461.jpg,african_elephant
2462.jpg,airliner
2463.jpg,sunglasses
2464.jpg,golden_retriever
2465.jpg,african_elephant
2466.jpg,goldfish
2467.jpg,sunglasses
2468.jpg,sunglasses
2469.jpg,convertible_car
2470.jpg,parachute
2471.jpg,rugby
2472.jpg,african_elephant
2473.jpg,rugby
2474.jpg,rugby
2475.jpg,african_elephant
2476.jpg,banana
2477.jpg,banana
2478.jpg,sunglasses
2479.jpg,goldfish
2480.jpg,convertible_car
2481.jpg,banana
2482.jpg,parachute
2483.jpg,parachute
2484.jpg,parachute
2485.jpg,goldfish
2486.jpg,parachute
2487.jpg,golden_retriever
2488.jpg,golden_retriever
2489.jpg,sunglasses
2490.jpg,sunglasses
2491.jpg,sunglasses
2492.jpg,sunglasses
2493.jpg,parachute
2494.jpg,parachute
2495.jpg,golden_retriever
2496.jpg,african_elephant
2497.jpg,african_elephant
2498.jpg,african_elephant
2499.jpg,airliner
2500.jpg,banana
2501.jpg,banana
2502.jpg,golden_retriever
2503.jpg,african_elephant
2504.jpg,sunglasses
2505.jpg,parachute
2506.jpg,sunglasses
2507.jpg,rugby
2508.jpg,goldfish
2509.jpg,sunglasses
2510.jpg,parachute
2511.jpg,parachute
2512.jpg,golden_retriever
2513.jpg,sunglasses
2514.jpg,banana
2515.jpg,parachute
2516.jpg,rugby
2517.jpg,convertible_car
2518.jpg,banana
2519.jpg,banana
2520.jpg,goldfish
2521.jpg,sunglasses
2522.jpg,sunglasses
2523.jpg,rugby
2524.jpg,rugby
2525.jpg,goldfish
2526.jpg,goldfish
2527.jpg,african_elephant
2528.jpg,goldfish
2529.jpg,banana
2530.jpg,golden_retriever
2531.jpg,african_elephant
2532.jpg,african_elephant
2533.jpg,rugby
2534.jpg,airliner
2535.jpg,parachute
2536.jpg,tiger_cat
2537.jpg,parachute
2538.jpg,african_elephant
2539.jpg,banana
2540.jpg,african_elephant
2541.jpg,rugby
2542.jpg,sunglasses
2543.jpg,airliner
2544.jpg,goldfish
2545.jpg,banana
2546.jpg,african_elephant
2547.jpg,banana
2548.jpg,goldfish
2549.jpg,airliner
2550.jpg,parachute
2551.jpg,airliner
2552.jpg,tiger_cat
2553.jpg,parachute
2554.jpg,airliner
2555.jpg,golden_retriever
2556.jpg,rugby
2557.jpg,banana
2558.jpg,banana
2559.jpg,african_elephant
2560.jpg,banana
2561.jpg,airliner
2562.jpg,sunglasses
2563.jpg,rugby
2564.jpg,airliner
2565.jpg,sunglasses
2566.jpg,banana
2567.jpg,african_elephant
2568.jpg,sunglasses
2569.jpg,golden_retriever
2570.jpg,rugby
2571.jpg,convertible_car
2572.jpg,rugby
2573.jpg,golden_retriever
2574.jpg,airliner
2575.jpg,convertible_car
2576.jpg,sunglasses
2577.jpg,african_elephant
2578.jpg,parachute
2579.jpg,tiger_cat
2580.jpg,parachute
2581.jpg,rugby
2582.jpg,airliner
2583.jpg,rugby
2584.jpg,banana
2585.jpg,rugby
2586.jpg,airliner
2587.jpg,goldfish
2588.jpg,airliner
2589.jpg,sunglasses
2590.jpg,banana
2591.jpg,tiger_cat
2592.jpg,sunglasses
2593.jpg,banana
2594.jpg,banana
2595.jpg,sunglasses
2596.jpg,sunglasses
2597.jpg,airliner
2598.jpg,rugby
2599.jpg,african_elephant
